{"type":"internal","split":{"type":"continuous","featureIndex":1,"threshold":-0.967885782727522}}
{"type":"internal","split":{"type":"continuous","featureIndex":6,"threshold":-2.0147751639228346}}
{"type":"internal","split":{"type":"continuous","featureIndex":6,"threshold":-3.1752237949285718}}
{"type":"internal","split":{"type":"continuous","featureIndex":3,"threshold":0.7213629624042963}}
{"type":"internal","split":{"type":"continuous","featureIndex":9,"threshold":0.6171637365143288}}
{"type":"leaf","values":[0.0,2.0,0.0,13.0,9.0,489.0,11.0,2.0,1.0,0.0]}
{"type":"leaf","values":[0.0,4.0,1.0,42.0,28.0,36.0,49.0,4.0,0.0,1.0]}
{"type":"internal","split":{"type":"continuous","featureIndex":0,"threshold":6.204006283223545}}
{"type":"leaf","values":[2.0,2449.0,25.0,320.0,25.0,10.0,9.0,19.0,101.0,4.0]}
{"type":"leaf","values":[0.0,7.0,0.0,6.0,3.0,3.0,62.0,0.0,7.0,0.0]}
{"type":"internal","split":{"type":"continuous","featureIndex":3,"threshold":0.26325049783709353}}
{"type":"internal","split":{"type":"continuous","featureIndex":5,"threshold":-0.48458654718628325}}
{"type":"leaf","values":[0.0,8.0,0.0,89.0,25.0,49.0,7.0,28.0,4.0,0.0]}
{"type":"leaf","values":[0.0,1.0,3.0,5.0,15.0,339.0,10.0,12.0,0.0,0.0]}
{"type":"internal","split":{"type":"continuous","featureIndex":8,"threshold":-1.68905753585298}}
{"type":"leaf","values":[1.0,416.0,18.0,745.0,19.0,5.0,52.0,212.0,91.0,72.0]}
{"type":"leaf","values":[0.0,906.0,21.0,552.0,8.0,44.0,22.0,137.0,39.0,4.0]}
{"type":"internal","split":{"type":"continuous","featureIndex":4,"threshold":2.181879263161636}}
{"type":"internal","split":{"type":"continuous","featureIndex":7,"threshold":-0.7566215502737281}}
{"type":"internal","split":{"type":"continuous","featureIndex":6,"threshold":0.3166416560270844}}
{"type":"leaf","values":[3.0,395.0,0.0,22.0,5.0,0.0,32.0,21.0,2.0,12.0]}
{"type":"leaf","values":[0.0,0.0,0.0,0.0,0.0,0.0,0.0,13.0,0.0,0.0]}
{"type":"internal","split":{"type":"continuous","featureIndex":3,"threshold":1.4875817255217907}}
{"type":"leaf","values":[0.0,29.0,3.0,33.0,15.0,16.0,11.0,116.0,0.0,26.0]}
{"type":"leaf","values":[0.0,73.0,0.0,40.0,0.0,0.0,5.0,11.0,4.0,176.0]}
{"type":"internal","split":{"type":"continuous","featureIndex":3,"threshold":2.3624275472035157}}
{"type":"internal","split":{"type":"continuous","featureIndex":3,"threshold":0.7213629624042963}}
{"type":"leaf","values":[0.0,21.0,3.0,259.0,110.0,75.0,4.0,1310.0,15.0,7.0]}
{"type":"leaf","values":[1.0,75.0,7.0,895.0,35.0,3.0,1.0,1785.0,40.0,56.0]}
{"type":"internal","split":{"type":"continuous","featureIndex":1,"threshold":-1.5374725543136019}}
{"type":"leaf","values":[0.0,52.0,5.0,998.0,0.0,0.0,5.0,645.0,27.0,59.0]}
{"type":"leaf","values":[0.0,8.0,13.0,160.0,1.0,0.0,8.0,83.0,60.0,113.0]}
{"type":"internal","split":{"type":"continuous","featureIndex":0,"threshold":0.3645303714180198}}
{"type":"internal","split":{"type":"continuous","featureIndex":9,"threshold":-0.6146488538281043}}
{"type":"internal","split":{"type":"continuous","featureIndex":3,"threshold":2.9867421082849352}}
{"type":"internal","split":{"type":"continuous","featureIndex":7,"threshold":1.0991401371060923}}
{"type":"leaf","values":[8.0,42.0,0.0,16.0,0.0,0.0,0.0,42.0,2.0,3.0]}
{"type":"leaf","values":[1.0,0.0,0.0,8.0,0.0,0.0,0.0,0.0,2.0,0.0]}
{"type":"internal","split":{"type":"continuous","featureIndex":6,"threshold":-1.4722715817573033}}
{"type":"leaf","values":[3.0,9.0,0.0,87.0,0.0,0.0,0.0,9.0,0.0,0.0]}
{"type":"leaf","values":[0.0,0.0,0.0,0.0,0.0,0.0,0.0,7.0,0.0,0.0]}
{"type":"internal","split":{"type":"continuous","featureIndex":0,"threshold":-0.1072950505148259}}
{"type":"internal","split":{"type":"continuous","featureIndex":1,"threshold":-0.04746084110752079}}
{"type":"leaf","values":[4.0,47.0,2.0,49.0,0.0,0.0,0.0,14.0,0.0,2.0]}
{"type":"leaf","values":[4241.0,56.0,12.0,19.0,10.0,22.0,0.0,6.0,18.0,5.0]}
{"type":"internal","split":{"type":"continuous","featureIndex":5,"threshold":-1.9241880598820695}}
{"type":"leaf","values":[359.0,33.0,2.0,3.0,0.0,0.0,0.0,0.0,0.0,2.0]}
{"type":"leaf","values":[434.0,79.0,58.0,76.0,62.0,55.0,0.0,48.0,47.0,50.0]}
{"type":"internal","split":{"type":"continuous","featureIndex":3,"threshold":1.4875817255217907}}
{"type":"internal","split":{"type":"continuous","featureIndex":4,"threshold":1.991206706026147}}
{"type":"internal","split":{"type":"continuous","featureIndex":0,"threshold":4.154506081145749}}
{"type":"leaf","values":[37.0,65.0,58.0,11.0,41.0,62.0,76.0,11.0,8.0,241.0]}
{"type":"leaf","values":[0.0,5.0,11.0,9.0,29.0,59.0,943.0,6.0,3.0,24.0]}
{"type":"internal","split":{"type":"continuous","featureIndex":8,"threshold":-0.3016399151449894}}
{"type":"leaf","values":[199.0,50.0,304.0,72.0,2165.0,3002.0,277.0,196.0,431.0,359.0]}
{"type":"leaf","values":[19.0,12.0,12.0,4.0,1488.0,163.0,28.0,1.0,25.0,64.0]}
{"type":"internal","split":{"type":"continuous","featureIndex":0,"threshold":5.71120677505325}}
{"type":"internal","split":{"type":"continuous","featureIndex":7,"threshold":-0.05901794893789725}}
{"type":"leaf","values":[123.0,110.0,3609.0,144.0,337.0,302.0,505.0,71.0,560.0,1125.0]}
{"type":"leaf","values":[206.0,229.0,605.0,208.0,409.0,152.0,210.0,139.0,3101.0,1699.0]}
{"type":"internal","split":{"type":"continuous","featureIndex":9,"threshold":-0.472380382079645}}
{"type":"leaf","values":[0.0,0.0,213.0,17.0,20.0,7.0,151.0,0.0,106.0,229.0]}
{"type":"leaf","values":[0.0,0.0,121.0,11.0,98.0,24.0,2382.0,1.0,137.0,149.0]}
