{"type":"internal","split":{"type":"continuous","featureIndex":4,"threshold":2.994375841688764}}
{"type":"internal","split":{"type":"continuous","featureIndex":4,"threshold":0.9383612886872308}}
{"type":"internal","split":{"type":"continuous","featureIndex":1,"threshold":-1.5374725543136019}}
{"type":"internal","split":{"type":"continuous","featureIndex":3,"threshold":0.011228844145294847}}
{"type":"internal","split":{"type":"continuous","featureIndex":2,"threshold":-1.0300012853420384}}
{"type":"leaf","values":[0.0,11.0,0.0,0.0,0.0,0.0,0.0,0.0,0.0,0.0]}
{"type":"leaf","values":[0.0,0.0,0.0,3.0,0.0,0.0,13.0,1.0,0.0,0.0]}
{"type":"internal","split":{"type":"continuous","featureIndex":0,"threshold":6.204006283223545}}
{"type":"leaf","values":[0.0,362.0,0.0,3.0,0.0,0.0,5.0,0.0,0.0,3.0]}
{"type":"leaf","values":[0.0,3.0,0.0,0.0,0.0,0.0,12.0,0.0,0.0,0.0]}
{"type":"internal","split":{"type":"continuous","featureIndex":4,"threshold":0.24474975603032578}}
{"type":"internal","split":{"type":"continuous","featureIndex":9,"threshold":0.1386688887531996}}
{"type":"leaf","values":[0.0,32.0,0.0,0.0,0.0,0.0,52.0,1.0,0.0,6.0]}
{"type":"leaf","values":[1.0,12.0,0.0,0.0,0.0,2.0,1529.0,2.0,0.0,6.0]}
{"type":"internal","split":{"type":"continuous","featureIndex":0,"threshold":3.564141302779809}}
{"type":"leaf","values":[157.0,45.0,2.0,16.0,4.0,3.0,19.0,4.0,0.0,94.0]}
{"type":"leaf","values":[0.0,13.0,4.0,5.0,3.0,5.0,835.0,3.0,1.0,16.0]}
{"type":"internal","split":{"type":"continuous","featureIndex":0,"threshold":-0.1072950505148259}}
{"type":"internal","split":{"type":"continuous","featureIndex":9,"threshold":-0.6146488538281043}}
{"type":"internal","split":{"type":"continuous","featureIndex":4,"threshold":1.7918335982414875}}
{"type":"leaf","values":[6.0,1.0,0.0,0.0,0.0,0.0,0.0,0.0,0.0,0.0]}
{"type":"leaf","values":[2.0,14.0,0.0,27.0,0.0,0.0,0.0,7.0,0.0,0.0]}
{"type":"internal","split":{"type":"continuous","featureIndex":1,"threshold":-0.04746084110752079}}
{"type":"leaf","values":[0.0,39.0,2.0,30.0,0.0,0.0,0.0,5.0,0.0,2.0]}
{"type":"leaf","values":[3042.0,61.0,7.0,14.0,3.0,6.0,0.0,2.0,4.0,3.0]}
{"type":"internal","split":{"type":"continuous","featureIndex":5,"threshold":-0.48458654718628325}}
{"type":"internal","split":{"type":"continuous","featureIndex":1,"threshold":-0.7040811311130016}}
{"type":"leaf","values":[2.0,2096.0,23.0,292.0,61.0,102.0,50.0,322.0,39.0,100.0]}
{"type":"leaf","values":[87.0,129.0,237.0,61.0,216.0,124.0,543.0,15.0,129.0,410.0]}
{"type":"internal","split":{"type":"continuous","featureIndex":7,"threshold":-1.0506690836546362}}
{"type":"leaf","values":[1.0,757.0,587.0,58.0,46.0,97.0,327.0,34.0,9.0,433.0]}
{"type":"leaf","values":[547.0,292.0,527.0,442.0,196.0,370.0,756.0,361.0,132.0,1649.0]}
{"type":"internal","split":{"type":"continuous","featureIndex":1,"threshold":-0.967885782727522}}
{"type":"internal","split":{"type":"continuous","featureIndex":3,"threshold":2.670062992781842}}
{"type":"internal","split":{"type":"continuous","featureIndex":3,"threshold":0.011228844145294847}}
{"type":"internal","split":{"type":"continuous","featureIndex":6,"threshold":-2.1323910953250733}}
{"type":"leaf","values":[0.0,2.0,1.0,90.0,48.0,741.0,8.0,16.0,0.0,0.0]}
{"type":"leaf","values":[0.0,0.0,0.0,137.0,37.0,56.0,0.0,501.0,2.0,1.0]}
{"type":"internal","split":{"type":"continuous","featureIndex":1,"threshold":-1.5374725543136019}}
{"type":"leaf","values":[0.0,252.0,9.0,1233.0,51.0,44.0,17.0,2188.0,55.0,26.0]}
{"type":"leaf","values":[0.0,88.0,19.0,162.0,80.0,84.0,17.0,360.0,68.0,29.0]}
{"type":"internal","split":{"type":"continuous","featureIndex":6,"threshold":-3.7409468089018896}}
{"type":"internal","split":{"type":"continuous","featureIndex":4,"threshold":4.185475746917161}}
{"type":"leaf","values":[2.0,410.0,3.0,33.0,8.0,0.0,0.0,1.0,3.0,0.0]}
{"type":"leaf","values":[0.0,94.0,4.0,48.0,0.0,0.0,10.0,2.0,30.0,0.0]}
{"type":"internal","split":{"type":"continuous","featureIndex":3,"threshold":3.6864391031945187}}
{"type":"leaf","values":[0.0,141.0,14.0,946.0,0.0,0.0,10.0,506.0,73.0,18.0]}
{"type":"leaf","values":[0.0,66.0,38.0,1090.0,0.0,0.0,10.0,123.0,142.0,89.0]}
{"type":"internal","split":{"type":"continuous","featureIndex":3,"threshold":1.635261538172867}}
{"type":"internal","split":{"type":"continuous","featureIndex":5,"threshold":0.7683434172576458}}
{"type":"internal","split":{"type":"continuous","featureIndex":6,"threshold":-0.5308431597327186}}
{"type":"leaf","values":[297.0,71.0,172.0,51.0,3231.0,471.0,72.0,70.0,337.0,119.0]}
{"type":"leaf","values":[572.0,1.0,12.0,18.0,247.0,16.0,5.0,94.0,33.0,14.0]}
{"type":"internal","split":{"type":"continuous","featureIndex":2,"threshold":-0.3534860274898197}}
{"type":"leaf","values":[2.0,2.0,48.0,1.0,5.0,50.0,16.0,0.0,14.0,54.0]}
{"type":"leaf","values":[5.0,0.0,16.0,5.0,148.0,2318.0,34.0,43.0,16.0,38.0]}
{"type":"internal","split":{"type":"continuous","featureIndex":7,"threshold":-0.16449756042679126}}
{"type":"internal","split":{"type":"continuous","featureIndex":1,"threshold":1.8721421085297305}}
{"type":"leaf","values":[51.0,84.0,888.0,111.0,180.0,215.0,425.0,52.0,278.0,189.0]}
{"type":"leaf","values":[259.0,0.0,2059.0,7.0,66.0,31.0,5.0,0.0,188.0,79.0]}
{"type":"internal","split":{"type":"continuous","featureIndex":5,"threshold":0.6027641764968297}}
{"type":"leaf","values":[370.0,218.0,409.0,223.0,433.0,3.0,61.0,113.0,3119.0,354.0]}
{"type":"leaf","values":[178.0,4.0,55.0,49.0,4.0,137.0,107.0,32.0,239.0,705.0]}
