{"type":"internal","split":{"type":"continuous","featureIndex":1,"threshold":-0.967885782727522}}
{"type":"internal","split":{"type":"continuous","featureIndex":6,"threshold":-2.3575554179770553}}
{"type":"internal","split":{"type":"continuous","featureIndex":3,"threshold":1.063308434047595}}
{"type":"internal","split":{"type":"continuous","featureIndex":9,"threshold":0.7117610576925391}}
{"type":"internal","split":{"type":"continuous","featureIndex":2,"threshold":-0.588253140810237}}
{"type":"leaf","values":[0.0,7.0,3.0,32.0,0.0,12.0,2.0,0.0,1.0,2.0]}
{"type":"leaf","values":[0.0,4.0,2.0,7.0,23.0,829.0,24.0,39.0,9.0,0.0]}
{"type":"internal","split":{"type":"continuous","featureIndex":2,"threshold":0.7811374260474961}}
{"type":"leaf","values":[0.0,29.0,5.0,82.0,15.0,10.0,4.0,4.0,0.0,0.0]}
{"type":"leaf","values":[0.0,7.0,3.0,10.0,58.0,27.0,81.0,15.0,3.0,2.0]}
{"type":"internal","split":{"type":"continuous","featureIndex":6,"threshold":-3.1752237949285718}}
{"type":"internal","split":{"type":"continuous","featureIndex":7,"threshold":0.3330040365310427}}
{"type":"leaf","values":[2.0,2213.0,18.0,151.0,27.0,4.0,40.0,8.0,25.0,0.0]}
{"type":"leaf","values":[0.0,270.0,9.0,169.0,7.0,2.0,0.0,15.0,73.0,5.0]}
{"type":"internal","split":{"type":"continuous","featureIndex":7,"threshold":-0.2689583237111515}}
{"type":"leaf","values":[1.0,740.0,12.0,132.0,9.0,2.0,26.0,21.0,0.0,16.0]}
{"type":"leaf","values":[0.0,263.0,9.0,646.0,0.0,3.0,8.0,110.0,100.0,25.0]}
{"type":"internal","split":{"type":"continuous","featureIndex":6,"threshold":-0.8396167789590541}}
{"type":"internal","split":{"type":"continuous","featureIndex":4,"threshold":2.5103812542253943}}
{"type":"internal","split":{"type":"continuous","featureIndex":7,"threshold":-0.3810367340306513}}
{"type":"leaf","values":[1.0,531.0,2.0,53.0,12.0,9.0,29.0,20.0,2.0,34.0]}
{"type":"leaf","values":[1.0,101.0,6.0,111.0,5.0,13.0,15.0,86.0,11.0,140.0]}
{"type":"internal","split":{"type":"continuous","featureIndex":9,"threshold":0.9115520849389576}}
{"type":"leaf","values":[1.0,84.0,10.0,1047.0,30.0,146.0,22.0,1210.0,99.0,43.0]}
{"type":"leaf","values":[0.0,81.0,36.0,1237.0,63.0,3.0,2.0,345.0,64.0,90.0]}
{"type":"internal","split":{"type":"continuous","featureIndex":4,"threshold":2.3582431420044507}}
{"type":"internal","split":{"type":"continuous","featureIndex":7,"threshold":-0.7566215502737281}}
{"type":"leaf","values":[0.0,74.0,0.0,1.0,0.0,0.0,5.0,39.0,0.0,8.0]}
{"type":"leaf","values":[0.0,8.0,2.0,21.0,15.0,0.0,3.0,102.0,1.0,88.0]}
{"type":"internal","split":{"type":"continuous","featureIndex":5,"threshold":0.16111281769544045}}
{"type":"leaf","values":[0.0,10.0,3.0,245.0,49.0,1.0,0.0,1751.0,16.0,35.0]}
{"type":"leaf","values":[0.0,11.0,1.0,267.0,7.0,0.0,0.0,549.0,0.0,67.0]}
{"type":"internal","split":{"type":"continuous","featureIndex":3,"threshold":2.1922980268958403}}
{"type":"internal","split":{"type":"continuous","featureIndex":4,"threshold":2.994375841688764}}
{"type":"internal","split":{"type":"continuous","featureIndex":7,"threshold":-0.16449756042679126}}
{"type":"internal","split":{"type":"continuous","featureIndex":4,"threshold":0.9383612886872308}}
{"type":"leaf","values":[0.0,27.0,7.0,5.0,3.0,8.0,253.0,5.0,1.0,30.0]}
{"type":"leaf","values":[186.0,58.0,359.0,57.0,240.0,280.0,130.0,41.0,54.0,488.0]}
{"type":"internal","split":{"type":"continuous","featureIndex":4,"threshold":0.9383612886872308}}
{"type":"leaf","values":[160.0,10.0,0.0,5.0,2.0,0.0,944.0,11.0,0.0,17.0]}
{"type":"leaf","values":[3134.0,103.0,123.0,32.0,166.0,255.0,584.0,38.0,87.0,319.0]}
{"type":"internal","split":{"type":"continuous","featureIndex":0,"threshold":0.3645303714180198}}
{"type":"internal","split":{"type":"continuous","featureIndex":1,"threshold":1.0556046265710397}}
{"type":"leaf","values":[24.0,35.0,7.0,10.0,8.0,26.0,0.0,41.0,7.0,7.0]}
{"type":"leaf","values":[1063.0,6.0,3.0,0.0,27.0,23.0,0.0,0.0,14.0,0.0]}
{"type":"internal","split":{"type":"continuous","featureIndex":5,"threshold":0.6027641764968297}}
{"type":"leaf","values":[226.0,114.0,294.0,67.0,3680.0,454.0,115.0,157.0,756.0,153.0]}
{"type":"leaf","values":[22.0,8.0,160.0,24.0,204.0,2604.0,105.0,88.0,103.0,198.0]}
{"type":"internal","split":{"type":"continuous","featureIndex":0,"threshold":6.204006283223545}}
{"type":"internal","split":{"type":"continuous","featureIndex":7,"threshold":-0.2689583237111515}}
{"type":"internal","split":{"type":"continuous","featureIndex":4,"threshold":2.5103812542253943}}
{"type":"leaf","values":[7.0,18.0,371.0,25.0,9.0,2.0,246.0,1.0,9.0,405.0]}
{"type":"leaf","values":[83.0,44.0,2789.0,120.0,96.0,75.0,262.0,28.0,341.0,363.0]}
{"type":"internal","split":{"type":"continuous","featureIndex":4,"threshold":4.185475746917161}}
{"type":"leaf","values":[641.0,268.0,310.0,360.0,68.0,37.0,238.0,96.0,753.0,1453.0]}
{"type":"leaf","values":[102.0,80.0,294.0,61.0,164.0,50.0,4.0,25.0,2120.0,254.0]}
{"type":"internal","split":{"type":"continuous","featureIndex":4,"threshold":3.7739786963473287}}
{"type":"internal","split":{"type":"continuous","featureIndex":2,"threshold":-1.5253733798745597}}
{"type":"leaf","values":[0.0,0.0,2.0,2.0,0.0,0.0,21.0,0.0,0.0,41.0]}
{"type":"leaf","values":[0.0,0.0,38.0,4.0,17.0,3.0,1698.0,0.0,7.0,61.0]}
{"type":"internal","split":{"type":"continuous","featureIndex":5,"threshold":0.2932857139118875}}
{"type":"leaf","values":[0.0,0.0,106.0,10.0,24.0,0.0,16.0,0.0,136.0,33.0]}
{"type":"leaf","values":[0.0,0.0,19.0,1.0,1.0,0.0,96.0,0.0,14.0,68.0]}
