{"type":"internal","split":{"type":"continuous","featureIndex":0,"threshold":0.3645303714180198}}
{"type":"internal","split":{"type":"continuous","featureIndex":0,"threshold":-0.1072950505148259}}
{"type":"internal","split":{"type":"continuous","featureIndex":1,"threshold":-0.04746084110752079}}
{"type":"internal","split":{"type":"continuous","featureIndex":6,"threshold":-3.329218679127382}}
{"type":"internal","split":{"type":"continuous","featureIndex":2,"threshold":0.7811374260474961}}
{"type":"leaf","values":[1.0,41.0,0.0,1.0,0.0,0.0,0.0,1.0,0.0,0.0]}
{"type":"leaf","values":[0.0,9.0,0.0,7.0,0.0,0.0,0.0,0.0,0.0,0.0]}
{"type":"internal","split":{"type":"continuous","featureIndex":5,"threshold":-1.2506362702130218}}
{"type":"leaf","values":[1.0,10.0,0.0,0.0,0.0,0.0,0.0,1.0,0.0,1.0]}
{"type":"leaf","values":[0.0,5.0,0.0,67.0,0.0,0.0,0.0,15.0,0.0,0.0]}
{"type":"internal","split":{"type":"continuous","featureIndex":1,"threshold":0.30319205905859914}}
{"type":"internal","split":{"type":"continuous","featureIndex":9,"threshold":0.1386688887531996}}
{"type":"leaf","values":[1.0,14.0,0.0,15.0,0.0,0.0,0.0,10.0,0.0,0.0]}
{"type":"leaf","values":[66.0,3.0,3.0,4.0,0.0,1.0,0.0,0.0,0.0,0.0]}
{"type":"internal","split":{"type":"continuous","featureIndex":0,"threshold":-0.4773546541291728}}
{"type":"leaf","values":[3066.0,19.0,1.0,5.0,7.0,2.0,0.0,3.0,0.0,0.0]}
{"type":"leaf","values":[1172.0,28.0,12.0,22.0,5.0,18.0,0.0,7.0,26.0,5.0]}
{"type":"internal","split":{"type":"continuous","featureIndex":9,"threshold":0.33553577562588766}}
{"type":"internal","split":{"type":"continuous","featureIndex":2,"threshold":1.863164131888467}}
{"type":"internal","split":{"type":"continuous","featureIndex":4,"threshold":2.8399786478040667}}
{"type":"leaf","values":[14.0,150.0,7.0,35.0,13.0,3.0,0.0,13.0,0.0,5.0]}
{"type":"leaf","values":[1.0,64.0,5.0,57.0,14.0,0.0,0.0,50.0,1.0,0.0]}
{"type":"internal","split":{"type":"continuous","featureIndex":9,"threshold":-0.6146488538281043}}
{"type":"leaf","values":[0.0,11.0,0.0,54.0,0.0,0.0,0.0,17.0,0.0,1.0]}
{"type":"leaf","values":[38.0,7.0,6.0,6.0,0.0,5.0,0.0,3.0,18.0,33.0]}
{"type":"internal","split":{"type":"continuous","featureIndex":2,"threshold":-0.3534860274898197}}
{"type":"internal","split":{"type":"continuous","featureIndex":1,"threshold":-0.967885782727522}}
{"type":"leaf","values":[0.0,34.0,2.0,0.0,0.0,0.0,0.0,3.0,0.0,0.0]}
{"type":"leaf","values":[4.0,10.0,36.0,4.0,3.0,0.0,0.0,1.0,0.0,0.0]}
{"type":"internal","split":{"type":"continuous","featureIndex":6,"threshold":-0.8396167789590541}}
{"type":"leaf","values":[368.0,71.0,10.0,40.0,34.0,45.0,0.0,17.0,47.0,17.0]}
{"type":"leaf","values":[334.0,3.0,0.0,0.0,1.0,0.0,0.0,2.0,0.0,5.0]}
{"type":"internal","split":{"type":"continuous","featureIndex":0,"threshold":6.204006283223545}}
{"type":"internal","split":{"type":"continuous","featureIndex":3,"threshold":1.4875817255217907}}
{"type":"internal","split":{"type":"continuous","featureIndex":5,"threshold":1.1172413965438148}}
{"type":"internal","split":{"type":"continuous","featureIndex":4,"threshold":1.991206706026147}}
{"type":"leaf","values":[10.0,328.0,53.0,83.0,78.0,114.0,492.0,117.0,16.0,296.0]}
{"type":"leaf","values":[170.0,199.0,229.0,933.0,3542.0,1096.0,95.0,2104.0,426.0,342.0]}
{"type":"internal","split":{"type":"continuous","featureIndex":2,"threshold":0.04985760622331656}}
{"type":"leaf","values":[32.0,5.0,60.0,11.0,21.0,113.0,15.0,33.0,19.0,52.0]}
{"type":"leaf","values":[25.0,8.0,30.0,5.0,130.0,2614.0,44.0,184.0,9.0,55.0]}
{"type":"internal","split":{"type":"continuous","featureIndex":1,"threshold":-0.967885782727522}}
{"type":"internal","split":{"type":"continuous","featureIndex":7,"threshold":-0.16449756042679126}}
{"type":"leaf","values":[3.0,2957.0,41.0,818.0,12.0,2.0,25.0,607.0,15.0,88.0]}
{"type":"leaf","values":[1.0,801.0,49.0,2427.0,11.0,1.0,4.0,1335.0,366.0,361.0]}
{"type":"internal","split":{"type":"continuous","featureIndex":1,"threshold":2.0574231424002027}}
{"type":"leaf","values":[222.0,349.0,1906.0,391.0,470.0,455.0,919.0,170.0,3248.0,2588.0]}
{"type":"leaf","values":[69.0,3.0,2416.0,2.0,318.0,30.0,35.0,0.0,465.0,406.0]}
{"type":"internal","split":{"type":"continuous","featureIndex":4,"threshold":3.1240370106315747}}
{"type":"internal","split":{"type":"continuous","featureIndex":9,"threshold":-0.9651959282655475}}
{"type":"internal","split":{"type":"continuous","featureIndex":3,"threshold":1.9114528405896953}}
{"type":"leaf","values":[0.0,0.0,1.0,0.0,0.0,4.0,30.0,2.0,0.0,2.0]}
{"type":"leaf","values":[0.0,0.0,8.0,0.0,0.0,0.0,2.0,0.0,6.0,43.0]}
{"type":"internal","split":{"type":"continuous","featureIndex":4,"threshold":1.7918335982414875}}
{"type":"leaf","values":[0.0,6.0,0.0,5.0,12.0,8.0,2409.0,3.0,0.0,3.0]}
{"type":"leaf","values":[0.0,2.0,17.0,8.0,18.0,40.0,512.0,11.0,6.0,32.0]}
{"type":"internal","split":{"type":"continuous","featureIndex":1,"threshold":1.6725164164965438}}
{"type":"internal","split":{"type":"continuous","featureIndex":3,"threshold":0.5096680803881851}}
{"type":"leaf","values":[0.0,0.0,0.0,15.0,64.0,274.0,18.0,71.0,2.0,0.0]}
{"type":"leaf","values":[0.0,4.0,20.0,43.0,82.0,47.0,317.0,28.0,130.0,83.0]}
{"type":"internal","split":{"type":"continuous","featureIndex":5,"threshold":0.16111281769544045}}
{"type":"leaf","values":[0.0,0.0,117.0,3.0,47.0,0.0,0.0,0.0,40.0,40.0]}
{"type":"leaf","values":[0.0,0.0,28.0,0.0,1.0,6.0,10.0,0.0,7.0,68.0]}
