{"type":"internal","split":{"type":"continuous","featureIndex":3,"threshold":0.7213629624042963}}
{"type":"internal","split":{"type":"continuous","featureIndex":5,"threshold":0.6027641764968297}}
{"type":"internal","split":{"type":"continuous","featureIndex":2,"threshold":0.43726750378124773}}
{"type":"internal","split":{"type":"continuous","featureIndex":6,"threshold":-0.8396167789590541}}
{"type":"internal","split":{"type":"continuous","featureIndex":4,"threshold":1.7918335982414875}}
{"type":"leaf","values":[8.0,107.0,3.0,18.0,4.0,33.0,363.0,4.0,0.0,26.0]}
{"type":"leaf","values":[4.0,34.0,40.0,447.0,306.0,447.0,113.0,141.0,63.0,65.0]}
{"type":"internal","split":{"type":"continuous","featureIndex":6,"threshold":-0.31904047462520474}}
{"type":"leaf","values":[0.0,20.0,6.0,48.0,6.0,0.0,11.0,136.0,2.0,17.0]}
{"type":"leaf","values":[0.0,6.0,0.0,19.0,6.0,0.0,0.0,592.0,2.0,8.0]}
{"type":"internal","split":{"type":"continuous","featureIndex":4,"threshold":3.3937177622786825}}
{"type":"internal","split":{"type":"continuous","featureIndex":6,"threshold":-2.6043261537114883}}
{"type":"leaf","values":[17.0,5.0,5.0,8.0,48.0,190.0,186.0,10.0,0.0,6.0]}
{"type":"leaf","values":[228.0,12.0,8.0,29.0,350.0,62.0,103.0,227.0,31.0,175.0]}
{"type":"internal","split":{"type":"continuous","featureIndex":1,"threshold":-0.967885782727522}}
{"type":"leaf","values":[0.0,2.0,3.0,16.0,100.0,137.0,2.0,207.0,7.0,0.0]}
{"type":"leaf","values":[28.0,5.0,6.0,2.0,2155.0,159.0,5.0,38.0,16.0,9.0]}
{"type":"internal","split":{"type":"continuous","featureIndex":1,"threshold":2.0574231424002027}}
{"type":"internal","split":{"type":"continuous","featureIndex":4,"threshold":2.5103812542253943}}
{"type":"internal","split":{"type":"continuous","featureIndex":4,"threshold":0.9383612886872308}}
{"type":"leaf","values":[2.0,6.0,0.0,0.0,3.0,0.0,12.0,0.0,0.0,0.0]}
{"type":"leaf","values":[7.0,2.0,10.0,0.0,45.0,87.0,11.0,29.0,3.0,14.0]}
{"type":"internal","split":{"type":"continuous","featureIndex":5,"threshold":1.3152104953196204}}
{"type":"leaf","values":[3.0,10.0,5.0,7.0,75.0,434.0,17.0,64.0,9.0,17.0]}
{"type":"leaf","values":[2.0,3.0,10.0,1.0,32.0,2094.0,9.0,43.0,0.0,9.0]}
{"type":"internal","split":{"type":"continuous","featureIndex":9,"threshold":-0.6146488538281043}}
{"type":"internal","split":{"type":"continuous","featureIndex":8,"threshold":-1.3845546070745116}}
{"type":"leaf","values":[0.0,0.0,7.0,0.0,0.0,2.0,0.0,0.0,0.0,1.0]}
{"type":"leaf","values":[0.0,0.0,0.0,0.0,0.0,0.0,0.0,0.0,0.0,13.0]}
{"type":"internal","split":{"type":"continuous","featureIndex":6,"threshold":-1.900708330001513}}
{"type":"leaf","values":[3.0,0.0,5.0,0.0,75.0,2.0,0.0,0.0,0.0,3.0]}
{"type":"leaf","values":[3.0,0.0,0.0,0.0,1.0,0.0,0.0,0.0,2.0,0.0]}
{"type":"internal","split":{"type":"continuous","featureIndex":4,"threshold":0.9383612886872308}}
{"type":"internal","split":{"type":"continuous","featureIndex":0,"threshold":4.674931713811517}}
{"type":"internal","split":{"type":"continuous","featureIndex":0,"threshold":0.3645303714180198}}
{"type":"internal","split":{"type":"continuous","featureIndex":3,"threshold":1.7731650578298566}}
{"type":"leaf","values":[138.0,0.0,0.0,0.0,0.0,0.0,0.0,0.0,0.0,0.0]}
{"type":"leaf","values":[4.0,0.0,0.0,1.0,0.0,0.0,0.0,0.0,0.0,0.0]}
{"type":"internal","split":{"type":"continuous","featureIndex":0,"threshold":2.0469853138764664}}
{"type":"leaf","values":[0.0,22.0,1.0,2.0,0.0,0.0,0.0,0.0,0.0,77.0]}
{"type":"leaf","values":[0.0,269.0,6.0,9.0,0.0,1.0,114.0,0.0,0.0,37.0]}
{"type":"internal","split":{"type":"continuous","featureIndex":0,"threshold":5.322135559718764}}
{"type":"internal","split":{"type":"continuous","featureIndex":7,"threshold":-0.615528360225087}}
{"type":"leaf","values":[0.0,23.0,0.0,0.0,2.0,0.0,34.0,0.0,0.0,0.0]}
{"type":"leaf","values":[0.0,0.0,0.0,0.0,0.0,0.0,94.0,0.0,0.0,7.0]}
{"type":"internal","split":{"type":"continuous","featureIndex":7,"threshold":-1.0506690836546362}}
{"type":"leaf","values":[0.0,10.0,6.0,0.0,0.0,0.0,192.0,0.0,0.0,0.0]}
{"type":"leaf","values":[0.0,4.0,0.0,0.0,0.0,0.0,1625.0,0.0,0.0,0.0]}
{"type":"internal","split":{"type":"continuous","featureIndex":4,"threshold":3.256603321245579}}
{"type":"internal","split":{"type":"continuous","featureIndex":1,"threshold":-0.967885782727522}}
{"type":"internal","split":{"type":"continuous","featureIndex":6,"threshold":-2.251651245501365}}
{"type":"leaf","values":[4.0,2680.0,19.0,184.0,9.0,1.0,16.0,31.0,18.0,40.0]}
{"type":"leaf","values":[2.0,560.0,13.0,538.0,6.0,0.0,25.0,434.0,32.0,316.0]}
{"type":"internal","split":{"type":"continuous","featureIndex":0,"threshold":0.3645303714180198}}
{"type":"leaf","values":[3530.0,209.0,43.0,155.0,14.0,41.0,0.0,66.0,29.0,29.0]}
{"type":"leaf","values":[258.0,154.0,1555.0,141.0,241.0,254.0,1475.0,61.0,369.0,2325.0]}
{"type":"internal","split":{"type":"continuous","featureIndex":7,"threshold":-0.49950145412863367}}
{"type":"internal","split":{"type":"continuous","featureIndex":1,"threshold":1.0556046265710397}}
{"type":"leaf","values":[26.0,424.0,304.0,562.0,335.0,285.0,382.0,698.0,73.0,74.0]}
{"type":"leaf","values":[254.0,0.0,2223.0,12.0,244.0,214.0,48.0,0.0,244.0,118.0]}
{"type":"internal","split":{"type":"continuous","featureIndex":1,"threshold":-0.967885782727522}}
{"type":"leaf","values":[0.0,295.0,66.0,2388.0,29.0,27.0,17.0,1815.0,288.0,105.0]}
{"type":"leaf","values":[1043.0,281.0,817.0,274.0,935.0,546.0,221.0,219.0,3570.0,1093.0]}
