{"type":"internal","split":{"type":"continuous","featureIndex":3,"threshold":0.7213629624042963}}
{"type":"internal","split":{"type":"continuous","featureIndex":9,"threshold":0.1386688887531996}}
{"type":"internal","split":{"type":"continuous","featureIndex":7,"threshold":-0.16449756042679126}}
{"type":"internal","split":{"type":"continuous","featureIndex":6,"threshold":-0.31904047462520474}}
{"type":"internal","split":{"type":"continuous","featureIndex":1,"threshold":-0.04746084110752079}}
{"type":"leaf","values":[0.0,77.0,3.0,108.0,70.0,288.0,30.0,141.0,5.0,21.0]}
{"type":"leaf","values":[2.0,2.0,33.0,2.0,415.0,113.0,27.0,11.0,23.0,103.0]}
{"type":"internal","split":{"type":"continuous","featureIndex":0,"threshold":1.6625193787165164}}
{"type":"leaf","values":[0.0,3.0,0.0,0.0,0.0,0.0,0.0,7.0,0.0,24.0]}
{"type":"leaf","values":[0.0,7.0,0.0,3.0,31.0,1.0,2.0,261.0,1.0,3.0]}
{"type":"internal","split":{"type":"continuous","featureIndex":5,"threshold":0.6027641764968297}}
{"type":"internal","split":{"type":"continuous","featureIndex":3,"threshold":-0.7133173954301444}}
{"type":"leaf","values":[0.0,0.0,0.0,14.0,3.0,502.0,24.0,72.0,2.0,3.0]}
{"type":"leaf","values":[95.0,18.0,4.0,21.0,51.0,65.0,151.0,192.0,62.0,72.0]}
{"type":"internal","split":{"type":"continuous","featureIndex":4,"threshold":2.6808887360446323}}
{"type":"leaf","values":[7.0,1.0,7.0,0.0,19.0,36.0,7.0,13.0,1.0,6.0]}
{"type":"leaf","values":[0.0,0.0,2.0,0.0,11.0,1473.0,11.0,20.0,2.0,23.0]}
{"type":"internal","split":{"type":"continuous","featureIndex":2,"threshold":-0.1414162115913787}}
{"type":"internal","split":{"type":"continuous","featureIndex":4,"threshold":1.7918335982414875}}
{"type":"internal","split":{"type":"continuous","featureIndex":7,"threshold":-0.9001489861404992}}
{"type":"leaf","values":[0.0,24.0,0.0,0.0,0.0,6.0,1.0,1.0,0.0,0.0]}
{"type":"leaf","values":[0.0,11.0,0.0,9.0,0.0,1.0,170.0,6.0,0.0,2.0]}
{"type":"internal","split":{"type":"continuous","featureIndex":6,"threshold":-0.8396167789590541}}
{"type":"leaf","values":[2.0,27.0,25.0,305.0,92.0,27.0,15.0,59.0,13.0,7.0]}
{"type":"leaf","values":[0.0,4.0,6.0,50.0,0.0,0.0,0.0,327.0,0.0,12.0]}
{"type":"internal","split":{"type":"continuous","featureIndex":4,"threshold":0.9383612886872308}}
{"type":"internal","split":{"type":"continuous","featureIndex":5,"threshold":0.16111281769544045}}
{"type":"leaf","values":[2.0,3.0,0.0,12.0,2.0,6.0,257.0,8.0,0.0,0.0]}
{"type":"leaf","values":[12.0,3.0,0.0,0.0,0.0,1.0,23.0,0.0,0.0,2.0]}
{"type":"internal","split":{"type":"continuous","featureIndex":4,"threshold":3.65235840811314}}
{"type":"leaf","values":[202.0,4.0,21.0,62.0,498.0,457.0,61.0,193.0,25.0,70.0]}
{"type":"leaf","values":[18.0,6.0,11.0,22.0,1950.0,562.0,4.0,165.0,9.0,7.0]}
{"type":"internal","split":{"type":"continuous","featureIndex":0,"threshold":0.3645303714180198}}
{"type":"internal","split":{"type":"continuous","featureIndex":0,"threshold":-0.1072950505148259}}
{"type":"internal","split":{"type":"continuous","featureIndex":1,"threshold":0.13333817566229358}}
{"type":"internal","split":{"type":"continuous","featureIndex":6,"threshold":-3.329218679127382}}
{"type":"leaf","values":[5.0,45.0,0.0,13.0,0.0,0.0,0.0,0.0,0.0,0.0]}
{"type":"leaf","values":[18.0,23.0,3.0,61.0,0.0,0.0,0.0,19.0,0.0,0.0]}
{"type":"internal","split":{"type":"continuous","featureIndex":9,"threshold":-0.6146488538281043}}
{"type":"leaf","values":[17.0,10.0,0.0,10.0,0.0,0.0,0.0,14.0,0.0,0.0]}
{"type":"leaf","values":[4119.0,58.0,13.0,16.0,8.0,12.0,0.0,3.0,13.0,4.0]}
{"type":"internal","split":{"type":"continuous","featureIndex":6,"threshold":-0.8396167789590541}}
{"type":"internal","split":{"type":"continuous","featureIndex":5,"threshold":1.1172413965438148}}
{"type":"leaf","values":[92.0,327.0,51.0,198.0,24.0,16.0,0.0,73.0,73.0,24.0]}
{"type":"leaf","values":[317.0,0.0,8.0,21.0,0.0,14.0,0.0,21.0,0.0,1.0]}
{"type":"internal","split":{"type":"continuous","featureIndex":5,"threshold":-1.2506362702130218}}
{"type":"leaf","values":[310.0,3.0,0.0,1.0,0.0,0.0,0.0,2.0,3.0,0.0]}
{"type":"leaf","values":[3.0,0.0,1.0,5.0,0.0,0.0,0.0,9.0,0.0,1.0]}
{"type":"internal","split":{"type":"continuous","featureIndex":7,"threshold":-0.2689583237111515}}
{"type":"internal","split":{"type":"continuous","featureIndex":4,"threshold":2.994375841688764}}
{"type":"internal","split":{"type":"continuous","featureIndex":1,"threshold":-1.2638350832725433}}
{"type":"leaf","values":[3.0,2465.0,5.0,124.0,7.0,1.0,31.0,71.0,4.0,37.0]}
{"type":"leaf","values":[29.0,92.0,1027.0,39.0,87.0,96.0,969.0,15.0,60.0,952.0]}
{"type":"internal","split":{"type":"continuous","featureIndex":3,"threshold":2.509559648443465}}
{"type":"leaf","values":[176.0,229.0,501.0,350.0,612.0,578.0,113.0,836.0,231.0,102.0]}
{"type":"leaf","values":[28.0,524.0,2507.0,484.0,65.0,44.0,371.0,180.0,307.0,236.0]}
{"type":"internal","split":{"type":"continuous","featureIndex":4,"threshold":1.587448544887786}}
{"type":"internal","split":{"type":"continuous","featureIndex":0,"threshold":4.154506081145749}}
{"type":"leaf","values":[15.0,94.0,25.0,4.0,2.0,0.0,15.0,5.0,4.0,241.0]}
{"type":"leaf","values":[0.0,16.0,5.0,6.0,6.0,2.0,1851.0,0.0,0.0,46.0]}
{"type":"internal","split":{"type":"continuous","featureIndex":4,"threshold":3.256603321245579}}
{"type":"leaf","values":[194.0,710.0,289.0,546.0,91.0,111.0,548.0,385.0,324.0,1459.0]}
{"type":"leaf","values":[98.0,398.0,581.0,2502.0,814.0,509.0,184.0,1698.0,3633.0,1059.0]}
