{"type":"internal","split":{"type":"continuous","featureIndex":4,"threshold":0.9383612886872308}}
{"type":"internal","split":{"type":"continuous","featureIndex":9,"threshold":0.1386688887531996}}
{"type":"internal","split":{"type":"continuous","featureIndex":6,"threshold":-1.3637760032130992}}
{"type":"internal","split":{"type":"continuous","featureIndex":0,"threshold":-0.1072950505148259}}
{"type":"leaf","values":[57.0,0.0,0.0,0.0,0.0,0.0,0.0,0.0,0.0,0.0]}
{"type":"internal","split":{"type":"continuous","featureIndex":1,"threshold":-0.967885782727522}}
{"type":"leaf","values":[0.0,197.0,0.0,5.0,0.0,1.0,3.0,0.0,0.0,4.0]}
{"type":"leaf","values":[0.0,4.0,9.0,0.0,0.0,3.0,95.0,0.0,0.0,35.0]}
{"type":"internal","split":{"type":"continuous","featureIndex":0,"threshold":3.19871030225423}}
{"type":"internal","split":{"type":"continuous","featureIndex":3,"threshold":0.26325049783709353}}
{"type":"leaf","values":[0.0,9.0,0.0,5.0,0.0,0.0,7.0,4.0,0.0,1.0]}
{"type":"leaf","values":[1.0,13.0,0.0,1.0,0.0,0.0,1.0,0.0,0.0,27.0]}
{"type":"internal","split":{"type":"continuous","featureIndex":3,"threshold":0.26325049783709353}}
{"type":"leaf","values":[0.0,6.0,0.0,0.0,0.0,0.0,3.0,0.0,0.0,0.0]}
{"type":"leaf","values":[0.0,7.0,0.0,0.0,0.0,0.0,99.0,0.0,2.0,3.0]}
{"type":"internal","split":{"type":"continuous","featureIndex":0,"threshold":4.674931713811517}}
{"type":"internal","split":{"type":"continuous","featureIndex":7,"threshold":-1.2244590584170536}}
{"type":"internal","split":{"type":"continuous","featureIndex":6,"threshold":-0.9905923782456896}}
{"type":"leaf","values":[0.0,117.0,0.0,1.0,0.0,0.0,22.0,0.0,0.0,5.0]}
{"type":"leaf","values":[0.0,8.0,0.0,0.0,0.0,0.0,21.0,0.0,0.0,0.0]}
{"type":"internal","split":{"type":"continuous","featureIndex":5,"threshold":0.4415978124966301}}
{"type":"leaf","values":[13.0,29.0,0.0,18.0,1.0,4.0,121.0,7.0,0.0,40.0]}
{"type":"leaf","values":[75.0,6.0,0.0,0.0,1.0,2.0,4.0,0.0,0.0,10.0]}
{"type":"internal","split":{"type":"continuous","featureIndex":1,"threshold":-2.6740482289857908}}
{"type":"leaf","values":[0.0,16.0,0.0,0.0,0.0,0.0,0.0,0.0,0.0,0.0]}
{"type":"internal","split":{"type":"continuous","featureIndex":1,"threshold":-1.8190886820995387}}
{"type":"leaf","values":[0.0,3.0,0.0,0.0,0.0,0.0,5.0,1.0,0.0,0.0]}
{"type":"leaf","values":[0.0,2.0,2.0,1.0,0.0,3.0,2166.0,3.0,0.0,0.0]}
{"type":"internal","split":{"type":"continuous","featureIndex":0,"threshold":-0.1072950505148259}}
{"type":"internal","split":{"type":"continuous","featureIndex":1,"threshold":0.13333817566229358}}
{"type":"internal","split":{"type":"continuous","featureIndex":6,"threshold":-2.872906193976381}}
{"type":"internal","split":{"type":"continuous","featureIndex":5,"threshold":0.16111281769544045}}
{"type":"leaf","values":[0.0,55.0,3.0,7.0,0.0,0.0,0.0,0.0,0.0,0.0]}
{"type":"leaf","values":[10.0,3.0,0.0,27.0,0.0,3.0,0.0,0.0,0.0,0.0]}
{"type":"internal","split":{"type":"continuous","featureIndex":8,"threshold":-1.4834098279514683}}
{"type":"leaf","values":[0.0,5.0,0.0,52.0,0.0,0.0,0.0,20.0,0.0,0.0]}
{"type":"leaf","values":[9.0,0.0,0.0,0.0,0.0,0.0,0.0,0.0,0.0,0.0]}
{"type":"internal","split":{"type":"continuous","featureIndex":3,"threshold":4.126462808173545}}
{"type":"internal","split":{"type":"continuous","featureIndex":9,"threshold":-0.6146488538281043}}
{"type":"leaf","values":[6.0,8.0,0.0,13.0,0.0,0.0,0.0,9.0,0.0,0.0]}
{"type":"leaf","values":[4135.0,51.0,7.0,16.0,15.0,24.0,0.0,5.0,10.0,4.0]}
{"type":"leaf","values":[0.0,0.0,0.0,6.0,0.0,0.0,0.0,0.0,0.0,0.0]}
{"type":"internal","split":{"type":"continuous","featureIndex":1,"threshold":-0.967885782727522}}
{"type":"internal","split":{"type":"continuous","featureIndex":5,"threshold":-2.1353466041772804}}
{"type":"internal","split":{"type":"continuous","featureIndex":6,"threshold":-2.1323910953250733}}
{"type":"leaf","values":[0.0,977.0,17.0,106.0,33.0,10.0,2.0,12.0,47.0,0.0]}
{"type":"leaf","values":[0.0,40.0,3.0,98.0,15.0,0.0,2.0,211.0,39.0,5.0]}
{"type":"internal","split":{"type":"continuous","featureIndex":6,"threshold":-2.0147751639228346}}
{"type":"leaf","values":[7.0,2655.0,60.0,1722.0,122.0,959.0,107.0,400.0,201.0,72.0]}
{"type":"leaf","values":[2.0,415.0,30.0,2282.0,139.0,102.0,33.0,3765.0,131.0,456.0]}
{"type":"internal","split":{"type":"continuous","featureIndex":2,"threshold":-0.588253140810237}}
{"type":"internal","split":{"type":"continuous","featureIndex":7,"threshold":-0.16449756042679126}}
{"type":"leaf","values":[8.0,54.0,2240.0,115.0,89.0,11.0,61.0,49.0,301.0,175.0]}
{"type":"leaf","values":[41.0,14.0,475.0,83.0,170.0,113.0,333.0,16.0,794.0,1161.0]}
{"type":"internal","split":{"type":"continuous","featureIndex":5,"threshold":0.6027641764968297}}
{"type":"leaf","values":[688.0,489.0,1693.0,330.0,4107.0,599.0,815.0,310.0,2934.0,1097.0]}
{"type":"leaf","values":[548.0,13.0,563.0,103.0,217.0,3186.0,1022.0,124.0,290.0,1473.0]}
