{"type":"internal","split":{"type":"continuous","featureIndex":3,"threshold":2.0523955603872435}}
{"type":"internal","split":{"type":"continuous","featureIndex":4,"threshold":2.8399786478040667}}
{"type":"internal","split":{"type":"continuous","featureIndex":7,"threshold":-0.16449756042679126}}
{"type":"internal","split":{"type":"continuous","featureIndex":2,"threshold":1.0907752435346976}}
{"type":"internal","split":{"type":"continuous","featureIndex":1,"threshold":-0.4497349704276334}}
{"type":"leaf","values":[4.0,567.0,8.0,84.0,11.0,57.0,8.0,183.0,1.0,15.0]}
{"type":"leaf","values":[19.0,15.0,224.0,13.0,43.0,55.0,101.0,13.0,20.0,97.0]}
{"type":"internal","split":{"type":"continuous","featureIndex":9,"threshold":0.4322191700174882}}
{"type":"leaf","values":[6.0,91.0,55.0,9.0,58.0,67.0,98.0,25.0,9.0,334.0]}
{"type":"leaf","values":[90.0,5.0,28.0,6.0,126.0,83.0,225.0,20.0,5.0,78.0]}
{"type":"internal","split":{"type":"continuous","featureIndex":2,"threshold":-0.1414162115913787}}
{"type":"internal","split":{"type":"continuous","featureIndex":0,"threshold":4.960799329435005}}
{"type":"leaf","values":[68.0,38.0,85.0,54.0,28.0,33.0,89.0,36.0,20.0,204.0]}
{"type":"leaf","values":[0.0,1.0,6.0,7.0,0.0,13.0,656.0,14.0,0.0,18.0]}
{"type":"internal","split":{"type":"continuous","featureIndex":1,"threshold":-0.04746084110752079}}
{"type":"leaf","values":[11.0,68.0,4.0,79.0,79.0,133.0,140.0,274.0,29.0,97.0]}
{"type":"leaf","values":[2951.0,29.0,10.0,4.0,71.0,100.0,502.0,5.0,32.0,47.0]}
{"type":"internal","split":{"type":"continuous","featureIndex":1,"threshold":-1.2638350832725433}}
{"type":"internal","split":{"type":"continuous","featureIndex":6,"threshold":-2.0147751639228346}}
{"type":"internal","split":{"type":"continuous","featureIndex":2,"threshold":-0.1414162115913787}}
{"type":"leaf","values":[0.0,71.0,1.0,162.0,5.0,47.0,3.0,12.0,3.0,1.0]}
{"type":"leaf","values":[0.0,62.0,3.0,107.0,67.0,541.0,11.0,159.0,13.0,2.0]}
{"type":"internal","split":{"type":"continuous","featureIndex":2,"threshold":-1.28057751234059}}
{"type":"leaf","values":[0.0,14.0,0.0,366.0,0.0,0.0,0.0,321.0,2.0,3.0]}
{"type":"leaf","values":[0.0,16.0,6.0,429.0,60.0,38.0,2.0,2021.0,14.0,17.0]}
{"type":"internal","split":{"type":"continuous","featureIndex":5,"threshold":0.7683434172576458}}
{"type":"internal","split":{"type":"continuous","featureIndex":3,"threshold":0.7213629624042963}}
{"type":"leaf","values":[76.0,12.0,39.0,53.0,2690.0,537.0,47.0,109.0,98.0,61.0]}
{"type":"leaf","values":[1285.0,175.0,275.0,80.0,1138.0,69.0,90.0,214.0,665.0,156.0]}
{"type":"internal","split":{"type":"continuous","featureIndex":2,"threshold":-0.3534860274898197}}
{"type":"leaf","values":[12.0,2.0,107.0,21.0,5.0,58.0,28.0,10.0,43.0,103.0]}
{"type":"leaf","values":[31.0,2.0,35.0,9.0,143.0,2923.0,88.0,93.0,30.0,76.0]}
{"type":"internal","split":{"type":"continuous","featureIndex":1,"threshold":-0.967885782727522}}
{"type":"internal","split":{"type":"continuous","featureIndex":5,"threshold":-0.8565738197170822}}
{"type":"internal","split":{"type":"continuous","featureIndex":4,"threshold":3.256603321245579}}
{"type":"internal","split":{"type":"continuous","featureIndex":0,"threshold":4.960799329435005}}
{"type":"leaf","values":[2.0,1689.0,10.0,122.0,0.0,0.0,4.0,15.0,12.0,17.0]}
{"type":"leaf","values":[0.0,17.0,0.0,14.0,0.0,0.0,15.0,0.0,0.0,1.0]}
{"type":"internal","split":{"type":"continuous","featureIndex":4,"threshold":4.3313203551095985}}
{"type":"leaf","values":[0.0,350.0,12.0,285.0,6.0,0.0,2.0,65.0,47.0,9.0]}
{"type":"leaf","values":[0.0,86.0,37.0,214.0,7.0,0.0,1.0,116.0,155.0,1.0]}
{"type":"internal","split":{"type":"continuous","featureIndex":4,"threshold":2.994375841688764}}
{"type":"internal","split":{"type":"continuous","featureIndex":6,"threshold":-1.900708330001513}}
{"type":"leaf","values":[1.0,1043.0,4.0,139.0,3.0,0.0,13.0,23.0,9.0,38.0]}
{"type":"leaf","values":[0.0,114.0,2.0,153.0,0.0,0.0,17.0,37.0,5.0,210.0]}
{"type":"internal","split":{"type":"continuous","featureIndex":6,"threshold":-1.4722715817573033}}
{"type":"leaf","values":[1.0,255.0,15.0,1416.0,3.0,0.0,34.0,330.0,88.0,37.0]}
{"type":"leaf","values":[0.0,5.0,4.0,545.0,0.0,0.0,0.0,655.0,13.0,83.0]}
{"type":"internal","split":{"type":"continuous","featureIndex":0,"threshold":6.204006283223545}}
{"type":"internal","split":{"type":"continuous","featureIndex":7,"threshold":-0.2689583237111515}}
{"type":"internal","split":{"type":"continuous","featureIndex":1,"threshold":1.6725164164965438}}
{"type":"leaf","values":[30.0,79.0,833.0,141.0,116.0,80.0,474.0,44.0,184.0,617.0]}
{"type":"leaf","values":[91.0,0.0,2449.0,10.0,29.0,37.0,55.0,2.0,187.0,176.0]}
{"type":"internal","split":{"type":"continuous","featureIndex":5,"threshold":0.022598154542608648}}
{"type":"leaf","values":[316.0,375.0,484.0,220.0,261.0,0.0,141.0,81.0,2472.0,427.0]}
{"type":"leaf","values":[719.0,25.0,194.0,183.0,15.0,88.0,145.0,46.0,549.0,1319.0]}
{"type":"internal","split":{"type":"continuous","featureIndex":4,"threshold":3.65235840811314}}
{"type":"internal","split":{"type":"continuous","featureIndex":9,"threshold":-0.7787465072369943}}
{"type":"leaf","values":[0.0,0.0,18.0,0.0,0.0,1.0,20.0,0.0,0.0,55.0]}
{"type":"leaf","values":[0.0,0.0,15.0,3.0,16.0,1.0,1781.0,0.0,4.0,23.0]}
{"type":"internal","split":{"type":"continuous","featureIndex":7,"threshold":0.034864969296093506}}
{"type":"leaf","values":[0.0,0.0,119.0,3.0,16.0,0.0,129.0,0.0,31.0,23.0]}
{"type":"leaf","values":[0.0,0.0,12.0,4.0,12.0,4.0,23.0,0.0,109.0,84.0]}
